Date,Open,High,Low,Close,Change(Pips),Change(%)
08/15/2024 00:00,2449.64,2453.77,2448.5,2450.44,80,0.03
08/14/2024 23:00,2448.08,2449.26,2446.3,2449.26,118,0.05
08/14/2024 22:00,2435.61,2448.69,2435.61,2447.79,1218,0.5
08/14/2024 21:00,2447.93,2447.93,2447.93,2447.93,0,0
08/14/2024 20:00,2446.72,2448.27,2446.51,2447.93,121,0.05
08/14/2024 19:00,2447.5,2448.12,2444.35,2446.25,-125,-0.05
08/14/2024 18:00,2441.44,2447.92,2440.91,2447.66,622,0.25
08/14/2024 17:00,2443.75,2444.65,2440.43,2441.62,-213,-0.09
08/14/2024 16:00,2443.82,2445.31,2439.13,2444.12,30,0.01
08/14/2024 15:00,2450.56,2451.81,2441.71,2443.97,-659,-0.27
08/14/2024 14:00,2457.91,2458.14,2447.13,2450.02,-789,-0.32
08/14/2024 13:00,2469.16,2469.16,2449.56,2457.36,-1180,-0.48
08/14/2024 12:00,2474.98,2475.21,2463.16,2469.22,-576,-0.23
08/14/2024 11:00,2474.5,2475.08,2471.96,2474.88,38,0.02
08/14/2024 10:00,2473.07,2475.71,2470.1,2475.11,204,0.08
08/14/2024 09:00,2474.43,2475.04,2471.16,2472.74,-169,-0.07
08/14/2024 08:00,2471.22,2478.2,2468.69,2474.26,304,0.12
08/14/2024 07:00,2467.31,2471.48,2466.7,2470.89,358,0.14
08/14/2024 06:00,2462.33,2467.62,2460.28,2467.36,503,0.2
08/14/2024 05:00,2461.82,2462.16,2458.9,2462.13,31,0.01
08/14/2024 04:00,2460.72,2462.7,2460.33,2461.6,88,0.04
08/14/2024 03:00,2459.09,2461.5,2458.67,2460.82,173,0.07
08/14/2024 02:00,2465.2,2465.2,2455.85,2459.25,-595,-0.24
08/14/2024 01:00,2465.43,2471.99,2464.53,2465.25,-18,-0.01
08/14/2024 00:00,2464.07,2467.25,2463.98,2465.54,147,0.06
08/13/2024 23:00,2465.04,2465.34,2462.6,2463.87,-117,-0.05
08/13/2024 22:00,2466.84,2466.84,2463.92,2465.66,-118,-0.05
08/13/2024 21:00,2464.92,2464.92,2464.7,2464.7,-22,-0.01
08/13/2024 20:00,2467,2467.46,2464.65,2464.92,-208,-0.08
08/13/2024 19:00,2467.76,2468.59,2462.62,2466.99,-77,-0.03
08/13/2024 18:00,2467.27,2468.74,2466.35,2467.7,43,0.02
08/13/2024 17:00,2469.12,2469.9,2466.48,2467.63,-149,-0.06
08/13/2024 16:00,2468.68,2470.75,2466.52,2469.24,56,0.02
08/13/2024 15:00,2471.34,2472.76,2465.2,2469,-234,-0.09
08/13/2024 14:00,2473.09,2473.09,2464.15,2471.26,-183,-0.07
08/13/2024 13:00,2467.41,2475.23,2459.19,2472.79,538,0.22
08/13/2024 12:00,2465.86,2471.87,2464.4,2467.92,206,0.08
08/13/2024 11:00,2462.28,2466.26,2460.7,2465.9,362,0.15
08/13/2024 10:00,2460.44,2463.35,2459.7,2462.34,190,0.08
08/13/2024 09:00,2460.25,2461.49,2458.1,2461.48,123,0.05
08/13/2024 08:00,2463.1,2464.13,2458.5,2460.89,-221,-0.09
08/13/2024 07:00,2462.83,2465.92,2461.21,2464.13,130,0.05
08/13/2024 06:00,2462.45,2464.67,2461.1,2463.39,94,0.04
08/13/2024 05:00,2461.6,2464.1,2458.45,2462.54,94,0.04
08/13/2024 04:00,2463.41,2464.79,2460,2461.71,-170,-0.07
08/13/2024 03:00,2462.44,2464.3,2461.9,2463.15,71,0.03
08/13/2024 02:00,2465.99,2467.26,2461.3,2462.08,-391,-0.16
08/13/2024 01:00,2472.06,2473.33,2460.81,2466.3,-576,-0.23
08/13/2024 00:00,2476.6,2476.72,2468.76,2472.52,-408,-0.17
08/12/2024 23:00,2473.46,2475.84,2472.52,2474.4,94,0.04
08/12/2024 22:00,2469.96,2473.93,2469.77,2473.78,382,0.15
08/12/2024 21:00,2471.67,2471.88,2471.67,2471.88,21,0.01
08/12/2024 20:00,2470.46,2472.86,2470.3,2471.67,121,0.05
08/12/2024 19:00,2470.59,2471.83,2469.3,2470.66,7,0
08/12/2024 18:00,2466.73,2470.88,2466.73,2470.17,344,0.14
08/12/2024 17:00,2462.68,2468.34,2460.7,2467.14,446,0.18
08/12/2024 16:00,2459.52,2465.78,2459.17,2463.27,375,0.15
08/12/2024 15:00,2453.84,2460.4,2451.92,2459.96,612,0.25
08/12/2024 14:00,2453.89,2455.05,2444.8,2452.29,-160,-0.07
08/12/2024 13:00,2443.95,2457.1,2442.64,2453.99,1004,0.41
08/12/2024 12:00,2441.61,2445.34,2441.61,2444.34,273,0.11
08/12/2024 11:00,2444.04,2444.08,2439.71,2441.6,-244,-0.1
08/12/2024 10:00,2442.89,2444.65,2441.44,2443.49,60,0.02
08/12/2024 09:00,2441.82,2444.57,2440.92,2442.55,73,0.03
08/12/2024 08:00,2441.78,2443.67,2439.53,2441.78,0,0
08/12/2024 07:00,2436.67,2442.74,2435.79,2441.64,497,0.2
08/12/2024 06:00,2434.8,2437.04,2433.11,2436.23,143,0.06
08/12/2024 05:00,2433.3,2434.02,2429.46,2433.22,-8,0
08/12/2024 04:00,2428.28,2433.24,2428.14,2433.14,486,0.2
08/12/2024 03:00,2425.92,2429.06,2425.3,2428.46,254,0.1
08/12/2024 02:00,2425.54,2427,2423.79,2426.2,66,0.03
08/12/2024 01:00,2428.61,2430.07,2424.63,2426.04,-257,-0.11
08/12/2024 00:00,2427.85,2428.91,2426.64,2428.44,59,0.02
08/11/2024 23:00,2430.47,2430.47,2426.8,2427.85,-262,-0.11
08/11/2024 22:00,2428.55,2433.31,2426.8,2430.3,175,0.07
08/09/2024 20:00,2429.68,2430.76,2428.4,2430.71,103,0.04
08/09/2024 19:00,2429.68,2429.68,2427.35,2429.05,-63,-0.03
08/09/2024 18:00,2430.8,2430.95,2427.2,2429.73,-107,-0.04
08/09/2024 17:00,2434.66,2436.87,2430.39,2430.83,-383,-0.16
08/09/2024 16:00,2431.68,2434.22,2427.54,2433.81,213,0.09
08/09/2024 15:00,2429,2432.39,2426.94,2431.42,242,0.1
08/09/2024 14:00,2425.75,2435.15,2425.75,2428.65,290,0.12
08/09/2024 13:00,2429.63,2432.86,2420.7,2426.55,-308,-0.13
08/09/2024 12:00,2426.84,2429.67,2423.98,2429.61,277,0.11
08/09/2024 11:00,2430.17,2432.32,2425.52,2426.67,-350,-0.14
08/09/2024 10:00,2423.56,2430.99,2422.4,2430.7,714,0.29
08/09/2024 09:00,2424.57,2425.41,2422.7,2423.43,-114,-0.05
08/09/2024 08:00,2423.49,2426.23,2422.33,2424.52,103,0.04
08/09/2024 07:00,2420.41,2426.54,2420.41,2423.62,321,0.13
08/09/2024 06:00,2416.95,2421.5,2416.95,2420.69,374,0.15
08/09/2024 05:00,2423.44,2423.76,2417.06,2417.2,-624,-0.26
08/09/2024 04:00,2420.7,2424.39,2419.2,2423.76,306,0.13
08/09/2024 03:00,2422.04,2423.07,2419.31,2421.07,-97,-0.04
08/09/2024 02:00,2426.87,2428.87,2422.42,2422.42,-445,-0.18
08/09/2024 01:00,2422.83,2427.06,2420.17,2427.06,423,0.17
08/09/2024 00:00,2424.45,2424.98,2421.9,2423.7,-75,-0.03
08/08/2024 23:00,2425.52,2426.07,2422.93,2424.45,-107,-0.04
08/08/2024 22:00,2424.63,2427.29,2424.1,2425.4,77,0.03
08/08/2024 21:00,2427.11,2427.11,2426.44,2426.44,-67,-0.03
08/08/2024 20:00,2423.55,2427.55,2423.05,2427.21,366,0.15
08/08/2024 19:00,2423.94,2424.82,2421.6,2423.65,-29,-0.01
08/08/2024 18:00,2423.49,2426.26,2422.32,2423.96,47,0.02
08/08/2024 17:00,2418.09,2424.84,2415.8,2423.45,536,0.22
08/08/2024 16:00,2418.65,2423.76,2416.71,2418.09,-56,-0.02
08/08/2024 15:00,2413.84,2420.29,2411.93,2418.65,481,0.2
08/08/2024 14:00,2414.22,2424.28,2409.24,2413.77,-45,-0.02
08/08/2024 13:00,2408.03,2415.42,2402.4,2414.08,605,0.25
08/08/2024 12:00,2412.14,2415.46,2407.13,2408.04,-410,-0.17
08/08/2024 11:00,2405.31,2413.6,2405.03,2412.27,696,0.29
08/08/2024 10:00,2396.24,2406.41,2396.23,2405.39,915,0.38
08/08/2024 09:00,2394.68,2398.75,2393.84,2396.21,153,0.06
08/08/2024 08:00,2397.15,2397.79,2392.85,2394.4,-275,-0.11
08/08/2024 07:00,2397.76,2400.18,2394.79,2396.6,-116,-0.05
08/08/2024 06:00,2395.34,2400.35,2392.3,2397.47,213,0.09
08/08/2024 05:00,2393.92,2395.12,2392.1,2394.94,102,0.04
08/08/2024 04:00,2394.27,2395.82,2392.1,2394.07,-20,-0.01
08/08/2024 03:00,2390.01,2394.62,2388.1,2393.86,385,0.16
08/08/2024 02:00,2386.44,2390.66,2386.39,2390.66,422,0.18
08/08/2024 01:00,2385.71,2390.68,2385.18,2387.17,146,0.06
08/08/2024 00:00,2384.8,2388.52,2383.31,2385.57,77,0.03
08/07/2024 23:00,2383.42,2385.76,2382.4,2384.56,114,0.05
08/07/2024 22:00,2381.48,2384.28,2380.6,2383.61,213,0.09
08/07/2024 21:00,2382.5,2382.5,2382.5,2382.5,0,0
08/07/2024 20:00,2385.85,2387.17,2381.9,2382.8,-305,-0.13
08/07/2024 19:00,2385.5,2390.31,2385.17,2385.42,-8,0
08/07/2024 18:00,2389.85,2391.44,2383.86,2386.01,-384,-0.16
08/07/2024 17:00,2399.09,2399.13,2389.85,2389.85,-924,-0.39
08/07/2024 16:00,2394.32,2399.55,2392.97,2399.55,523,0.22
08/07/2024 15:00,2399.47,2401.48,2392.3,2395.14,-433,-0.18
08/07/2024 14:00,2399.65,2403.35,2397.1,2398.7,-95,-0.04
08/07/2024 13:00,2404.93,2404.93,2397.72,2400.35,-458,-0.19
08/07/2024 12:00,2401.63,2406.61,2398.9,2403.7,207,0.09
08/07/2024 11:00,2397.76,2401.98,2394.43,2400.94,318,0.13
08/07/2024 10:00,2394.38,2397.79,2393.05,2397.2,282,0.12
08/07/2024 09:00,2393.75,2396.17,2392.59,2394.15,40,0.02
08/07/2024 08:00,2389.51,2393.62,2388.66,2393.32,381,0.16
08/07/2024 07:00,2394.48,2394.7,2388.16,2389.12,-536,-0.22
08/07/2024 06:00,2391.2,2396.99,2389.77,2394.72,352,0.15
08/07/2024 05:00,2392.7,2396.01,2389.07,2390.99,-171,-0.07
08/07/2024 04:00,2385.21,2394.42,2385.1,2393.03,782,0.33
08/07/2024 03:00,2383.88,2386.96,2382.8,2385.56,168,0.07
08/07/2024 02:00,2383.66,2388.33,2380.01,2384.09,43,0.02
08/07/2024 01:00,2387.13,2387.26,2379.39,2384,-313,-0.13
08/07/2024 00:00,2384.37,2386.77,2380.8,2386.33,196,0.08
08/06/2024 23:00,2388.5,2389.5,2382.83,2383.57,-493,-0.21
08/06/2024 22:00,2389.31,2390.23,2387.2,2388.55,-76,-0.03
08/06/2024 21:00,2389.77,2389.77,2389.22,2389.22,-55,-0.02
08/06/2024 20:00,2387.99,2389.61,2386.8,2389.61,162,0.07
08/06/2024 19:00,2392.4,2392.59,2386.59,2387.8,-460,-0.19
08/06/2024 18:00,2391.96,2395.57,2391.34,2392.89,93,0.04
08/06/2024 17:00,2390.21,2393.21,2387.5,2392.99,278,0.12
08/06/2024 16:00,2387.69,2391.1,2385.99,2389.9,221,0.09
08/06/2024 15:00,2388.34,2389.32,2381.81,2387.41,-93,-0.04
08/06/2024 14:00,2395.09,2402.06,2386.89,2387.75,-734,-0.31
08/06/2024 13:00,2395.71,2398.15,2389.17,2394.15,-156,-0.07
08/06/2024 12:00,2411.24,2412.1,2392.01,2392.83,-1841,-0.77
08/06/2024 11:00,2411.98,2415.21,2410.06,2410.93,-105,-0.04
08/06/2024 10:00,2413.3,2415.3,2411.69,2412.34,-96,-0.04
08/06/2024 09:00,2410.66,2415.13,2410.4,2413,234,0.1
08/06/2024 08:00,2409.33,2414.59,2408.3,2410.96,163,0.07
08/06/2024 07:00,2402.24,2410.33,2401.7,2409.56,732,0.3
08/06/2024 06:00,2399.83,2408.06,2394.96,2401.58,175,0.07
08/06/2024 05:00,2408.14,2411.52,2398.3,2398.98,-916,-0.38
08/06/2024 04:00,2408.91,2412.03,2406.69,2407.83,-108,-0.04
08/06/2024 03:00,2407.39,2410.81,2406.54,2409.05,166,0.07
08/06/2024 02:00,2412.52,2412.65,2406.27,2407.42,-510,-0.21
08/06/2024 01:00,2414.87,2417.26,2410.7,2412.1,-277,-0.11
08/06/2024 00:00,2405.4,2417.77,2405.09,2415.44,1004,0.42
08/05/2024 23:00,2409.16,2409.9,2404.62,2404.62,-454,-0.19
08/05/2024 22:00,2409.55,2412.39,2408,2408.65,-90,-0.04
08/05/2024 21:00,2409.75,2409.75,2409.26,2409.26,-49,-0.02
08/05/2024 20:00,2407.2,2411.53,2405.53,2409.75,255,0.11
08/05/2024 19:00,2405.67,2412.24,2404.57,2407.97,230,0.1
08/05/2024 18:00,2403.8,2408.45,2403.7,2404.44,64,0.03
08/05/2024 17:00,2403.07,2406.11,2400.1,2405.22,215,0.09
08/05/2024 16:00,2401.95,2408.12,2399.69,2403.58,163,0.07
08/05/2024 15:00,2396.5,2410.6,2395.51,2402.83,633,0.26
08/05/2024 14:00,2391.47,2396.75,2387,2394.45,298,0.12
08/05/2024 13:00,2374.73,2396.39,2374.73,2394.07,1934,0.81
08/05/2024 12:00,2385.53,2391.46,2364.71,2375,-1053,-0.44
08/05/2024 11:00,2404.88,2408.54,2382.9,2386.56,-1832,-0.77
08/05/2024 10:00,2424.18,2425.35,2408.49,2408.49,-1569,-0.65
08/05/2024 09:00,2424.23,2428.36,2419.47,2424.06,-17,-0.01
08/05/2024 08:00,2430.72,2434.14,2423.41,2424.72,-600,-0.25
08/05/2024 07:00,2428.54,2445.1,2425.28,2431.76,322,0.13
08/05/2024 06:00,2437.35,2438.09,2422.42,2428.65,-870,-0.36
08/05/2024 05:00,2452.14,2452.18,2433.53,2438.09,-1405,-0.58
08/05/2024 04:00,2451.2,2457.18,2450.92,2452.18,98,0.04
08/05/2024 03:00,2442.94,2452.23,2442.74,2450.77,783,0.32
08/05/2024 02:00,2438.44,2445.42,2433.56,2443.03,459,0.19
08/05/2024 01:00,2420.85,2441.6,2420.55,2439.25,1840,0.75
08/05/2024 00:00,2440.7,2440.7,2419.61,2423.06,-1764,-0.73
08/04/2024 23:00,2441.11,2444.68,2438.6,2441.14,3,0
08/04/2024 22:00,2443.92,2446.22,2437.8,2440.81,-311,-0.13
08/04/2024 21:00,2443.91,2443.91,2443.91,2443.91,0,0
08/02/2024 20:00,2437.16,2442.13,2435,2442.08,492,0.2
08/02/2024 19:00,2428.02,2437.72,2425.97,2437.21,919,0.38
08/02/2024 18:00,2426.74,2432.93,2426.74,2429.21,247,0.1
08/02/2024 17:00,2430.44,2431.41,2423.15,2427.82,-262,-0.11
08/02/2024 16:00,2433.92,2438.19,2426.76,2430.33,-359,-0.15
08/02/2024 15:00,2430.8,2434.8,2411.83,2432.51,171,0.07
08/02/2024 14:00,2468.86,2474.14,2428.98,2430.9,-3796,-1.56
08/02/2024 13:00,2473.41,2473.41,2456.73,2469.14,-427,-0.17
08/02/2024 12:00,2458.74,2476.93,2456.06,2473.75,1501,0.61
08/02/2024 11:00,2463.97,2464.52,2457.61,2459.23,-474,-0.19
08/02/2024 10:00,2463.06,2465.2,2461.39,2463.91,85,0.03
08/02/2024 09:00,2462.01,2463.95,2461.03,2463.64,163,0.07
08/02/2024 08:00,2461.22,2465.14,2461.14,2462.19,97,0.04
08/02/2024 07:00,2465.41,2466.4,2460.19,2460.76,-465,-0.19
08/02/2024 06:00,2467.38,2468.11,2462.23,2465.95,-143,-0.06
08/02/2024 05:00,2457.78,2465.78,2457.3,2465.78,800,0.32
08/02/2024 04:00,2454.41,2460.13,2454.22,2457.61,320,0.13
08/02/2024 03:00,2453.96,2459.22,2451.9,2454.22,26,0.01
08/02/2024 02:00,2445.25,2455.48,2445.25,2455.48,1023,0.42
08/02/2024 01:00,2449.52,2450.63,2435.29,2446.93,-259,-0.11
08/02/2024 00:00,2444.91,2451.66,2444.15,2448.97,406,0.17
08/01/2024 23:00,2444.92,2446.17,2444.1,2446.04,112,0.05
08/01/2024 22:00,2446.37,2447.35,2443.5,2445.17,-120,-0.05
08/01/2024 21:00,2446.02,2446.02,2445.93,2445.93,-9,0
08/01/2024 20:00,2443.25,2447.21,2441.2,2446.02,277,0.11
08/01/2024 19:00,2439.22,2443.79,2438.27,2443.33,411,0.17
08/01/2024 18:00,2439.4,2440.9,2434.71,2439.5,10,0
08/01/2024 17:00,2444.09,2444.09,2435.82,2439.17,-492,-0.2
08/01/2024 16:00,2444.51,2448.59,2443.45,2444.2,-31,-0.01
08/01/2024 15:00,2448.42,2451.67,2442.1,2444.67,-375,-0.15
08/01/2024 14:00,2455.19,2462.21,2443.23,2448.64,-655,-0.27
08/01/2024 13:00,2449,2456.74,2448.94,2453.56,456,0.19
08/01/2024 12:00,2440.83,2454.13,2439.6,2450.42,959,0.39
08/01/2024 11:00,2435.18,2442.84,2434,2440.94,576,0.24
08/01/2024 10:00,2433.06,2436.57,2432.02,2434.99,193,0.08
08/01/2024 09:00,2433.67,2434.84,2430.25,2433.16,-51,-0.02
08/01/2024 08:00,2440.15,2442.07,2433.27,2433.62,-653,-0.27
08/01/2024 07:00,2444.73,2444.73,2439.93,2440.37,-436,-0.18
08/01/2024 06:00,2447.48,2448.68,2444.21,2444.73,-275,-0.11
08/01/2024 05:00,2444.29,2447.7,2443.48,2446.88,259,0.11
08/01/2024 04:00,2442.63,2446.59,2442.1,2444.13,150,0.06
08/01/2024 03:00,2441.34,2444.13,2439.59,2442.54,120,0.05
08/01/2024 02:00,2450.81,2451.03,2437.36,2441.33,-948,-0.39
08/01/2024 01:00,2447.65,2458.17,2446.53,2451.39,374,0.15
08/01/2024 00:00,2445.94,2449.11,2445.1,2447.57,163,0.07
07/31/2024 23:00,2447.52,2447.68,2444.4,2445.94,-158,-0.06
07/31/2024 22:00,2448.76,2448.76,2446.3,2447.41,-135,-0.06
07/31/2024 21:00,2446.84,2446.84,2446.84,2446.84,0,0
07/31/2024 20:00,2449.45,2450.56,2446.09,2446.72,-273,-0.11
07/31/2024 19:00,2433.56,2450.52,2431.72,2450.34,1678,0.68
07/31/2024 18:00,2425.77,2435,2421.88,2433.36,759,0.31
07/31/2024 17:00,2427.09,2428.9,2425.75,2426.51,-58,-0.02
07/31/2024 16:00,2423.15,2427.5,2422.48,2426.89,374,0.15
07/31/2024 15:00,2422.72,2423.9,2420.18,2423.37,65,0.03
07/31/2024 14:00,2426.23,2428.72,2419.32,2422.49,-374,-0.15
07/31/2024 13:00,2421.27,2426.9,2417.94,2426.33,506,0.21
07/31/2024 12:00,2419.61,2422.42,2417.35,2420.83,122,0.05
07/31/2024 11:00,2418.45,2423.23,2418.11,2419.54,109,0.05
07/31/2024 10:00,2420.69,2422.84,2417.57,2418.5,-219,-0.09
07/31/2024 09:00,2421.37,2422.17,2417.4,2421,-37,-0.02
07/31/2024 08:00,2416.89,2421.48,2415.47,2421.29,440,0.18
07/31/2024 07:00,2420.57,2421.78,2416.17,2417.12,-345,-0.14
07/31/2024 06:00,2418.95,2425.05,2416.72,2421.2,225,0.09
07/31/2024 05:00,2419.88,2421.62,2417.3,2417.84,-204,-0.08
07/31/2024 04:00,2415.74,2421.23,2414.59,2421.08,534,0.22
07/31/2024 03:00,2407.28,2418.16,2407.28,2416.31,903,0.37
07/31/2024 02:00,2408.4,2408.61,2404.3,2407.17,-123,-0.05
07/31/2024 01:00,2408.15,2411.81,2404.22,2408.81,66,0.03
07/31/2024 00:00,2409.74,2409.74,2407.8,2408.83,-91,-0.04
07/30/2024 23:00,2409.1,2410.03,2408.3,2409.3,20,0.01
07/30/2024 22:00,2409.57,2410.84,2407.8,2408.94,-63,-0.03
07/30/2024 21:00,2410.63,2410.63,2410.46,2410.46,-17,-0.01
07/30/2024 20:00,2406.86,2412.27,2406.86,2410.47,361,0.15
07/30/2024 19:00,2404.71,2408.21,2403.81,2406.96,225,0.09
07/30/2024 18:00,2405.82,2407.2,2403.8,2404.41,-141,-0.06
07/30/2024 17:00,2400.04,2410.6,2397.91,2405.67,563,0.23
07/30/2024 16:00,2386.39,2399.75,2385.02,2399.75,1336,0.56
07/30/2024 15:00,2390.1,2392.09,2383.55,2385.25,-485,-0.2
07/30/2024 14:00,2392.86,2395.29,2387.73,2391.53,-133,-0.06
07/30/2024 13:00,2386.11,2397.47,2386.11,2393.98,787,0.33
07/30/2024 12:00,2387.23,2388.05,2385.7,2386.46,-77,-0.03
07/30/2024 11:00,2391.64,2392.04,2386.89,2386.89,-475,-0.2
07/30/2024 10:00,2389.22,2392.04,2388.12,2391.81,259,0.11
07/30/2024 09:00,2389.34,2389.76,2387.7,2388.99,-35,-0.01
07/30/2024 08:00,2390.32,2391.47,2388.44,2389.39,-93,-0.04
07/30/2024 07:00,2390.42,2391.72,2389,2390.33,-9,0
07/30/2024 06:00,2388.51,2390.77,2387.6,2390.47,196,0.08
07/30/2024 05:00,2386.33,2389.54,2384.9,2388.6,227,0.1
07/30/2024 04:00,2386.16,2388.17,2385.67,2386.24,8,0
07/30/2024 03:00,2381.29,2385.87,2381.29,2385.73,444,0.19
07/30/2024 02:00,2379.6,2382.95,2378.46,2381.61,201,0.08
07/30/2024 01:00,2380.66,2382.08,2376.3,2379.94,-72,-0.03
07/30/2024 00:00,2380.88,2383.58,2380.12,2381.33,45,0.02
07/29/2024 23:00,2383.97,2384.13,2380.4,2381.24,-273,-0.11
07/29/2024 22:00,2381.6,2384.71,2381.6,2383,140,0.06
07/29/2024 21:00,2383.48,2383.53,2383.48,2383.53,5,0
07/29/2024 20:00,2382.99,2384.44,2381.14,2384.03,104,0.04
07/29/2024 19:00,2379.59,2385.19,2378.13,2383.65,406,0.17
07/29/2024 18:00,2378.56,2380.61,2376.8,2379.56,100,0.04
07/29/2024 17:00,2378.14,2383.17,2376.9,2378.17,3,0
07/29/2024 16:00,2376.73,2378.69,2374.65,2377.58,85,0.04
07/29/2024 15:00,2381.26,2382.63,2369.86,2376.58,-468,-0.2
07/29/2024 14:00,2391.91,2393.74,2380.08,2381.23,-1068,-0.45
07/29/2024 13:00,2393.78,2396.09,2389.84,2391.46,-232,-0.1
07/29/2024 12:00,2387.23,2394.08,2385.46,2393.93,670,0.28
07/29/2024 11:00,2392.11,2392.79,2387.14,2387.58,-453,-0.19
07/29/2024 10:00,2392.44,2395.3,2391.5,2392.45,1,0
07/29/2024 09:00,2390.59,2393.05,2389.78,2392.77,218,0.09
07/29/2024 08:00,2391.34,2392.4,2386.5,2390.44,-90,-0.04
07/29/2024 07:00,2391.79,2394.16,2389.51,2391.33,-46,-0.02
07/29/2024 06:00,2392.47,2395.22,2390.92,2392.35,-12,-0.01
07/29/2024 05:00,2394.88,2396.17,2390.39,2392.79,-209,-0.09
07/29/2024 04:00,2394.78,2396.05,2393.3,2394.87,9,0
07/29/2024 03:00,2392.98,2394.96,2391.6,2394.5,152,0.06
07/29/2024 02:00,2392.56,2394.25,2391.04,2393.29,73,0.03
07/29/2024 01:00,2400.32,2402.24,2389,2392.48,-784,-0.33
07/29/2024 00:00,2397.17,2401.18,2396.25,2400.03,286,0.12
07/28/2024 23:00,2395.69,2398.56,2393.7,2396.27,58,0.02
07/28/2024 22:00,2388.51,2402.17,2387.5,2395.68,717,0.3
07/28/2024 21:00,2388.75,2388.75,2388.75,2388.75,0,0
07/26/2024 20:00,2386.63,2388.1,2384.5,2386.6,-3,0
07/26/2024 19:00,2384.31,2386.83,2382.6,2386.56,225,0.09
07/26/2024 18:00,2383.35,2385.97,2382.7,2384.39,104,0.04
07/26/2024 17:00,2389.12,2389.17,2381.08,2383.47,-565,-0.24
07/26/2024 16:00,2385.17,2390.32,2384.58,2389.13,396,0.17
07/26/2024 15:00,2381.45,2386.6,2380.86,2385.24,379,0.16
07/26/2024 14:00,2381.66,2390.21,2381.21,2381.68,2,0
07/26/2024 13:00,2378.02,2382.76,2374.1,2382.17,415,0.17
07/26/2024 12:00,2373.47,2378.48,2371.2,2377.43,396,0.17
07/26/2024 11:00,2372.82,2375.52,2370.45,2373.16,34,0.01
07/26/2024 10:00,2373.76,2375.23,2372.77,2372.79,-97,-0.04
07/26/2024 09:00,2372.8,2374.37,2371.1,2373.59,79,0.03
07/26/2024 08:00,2371.62,2373.85,2369.2,2372.96,134,0.06
07/26/2024 07:00,2370.19,2371.78,2367.83,2371.57,138,0.06
07/26/2024 06:00,2373.81,2374.33,2365.2,2369.92,-389,-0.16
07/26/2024 05:00,2369.71,2374.99,2367.2,2374.33,462,0.19
07/26/2024 04:00,2371.67,2372.66,2369.5,2369.82,-185,-0.08
07/26/2024 03:00,2373.95,2377.95,2370.6,2371.55,-240,-0.1
07/26/2024 02:00,2373.92,2379.19,2370.56,2374.12,20,0.01
07/26/2024 01:00,2362.46,2373.72,2356.14,2373.23,1077,0.45
07/26/2024 00:00,2363.99,2365.29,2361.7,2362.58,-141,-0.06
07/25/2024 23:00,2363.23,2364.56,2361.95,2363.72,49,0.02
07/25/2024 22:00,2363.1,2365.31,2362.3,2363.52,42,0.02
07/25/2024 21:00,2364.36,2364.36,2363.91,2363.91,-45,-0.02
07/25/2024 20:00,2362.15,2365,2359.34,2364.33,218,0.09
07/25/2024 19:00,2357.12,2363.61,2356.24,2362.25,513,0.22
07/25/2024 18:00,2356.07,2360.11,2354.31,2357.2,113,0.05
07/25/2024 17:00,2363.21,2365.02,2353.24,2356.1,-711,-0.3
07/25/2024 16:00,2362.97,2364.41,2356.9,2362.61,-36,-0.02
07/25/2024 15:00,2366.73,2367.94,2362.27,2363.03,-370,-0.16
07/25/2024 14:00,2364.87,2368.4,2358.02,2366.6,173,0.07
07/25/2024 13:00,2371.03,2375.75,2362.11,2365.12,-591,-0.25
07/25/2024 12:00,2367.4,2374.95,2363.14,2371.28,388,0.16
07/25/2024 11:00,2381.25,2381.25,2367.96,2368.42,-1283,-0.54
07/25/2024 10:00,2373.52,2382.25,2371.93,2380.82,730,0.31
07/25/2024 09:00,2374.25,2375.67,2369.5,2373.62,-63,-0.03
07/25/2024 08:00,2373.91,2377.47,2372.2,2374.62,71,0.03
07/25/2024 07:00,2371.6,2376.99,2366.19,2373.91,231,0.1
07/25/2024 06:00,2376.09,2377.95,2369.91,2372.14,-395,-0.17
07/25/2024 05:00,2377.31,2377.67,2369.25,2375.76,-155,-0.07
07/25/2024 04:00,2374.17,2377.73,2373.12,2377.35,318,0.13
07/25/2024 03:00,2372.68,2375.26,2367.02,2374.9,222,0.09
07/25/2024 02:00,2376.36,2380.32,2369.9,2373.21,-315,-0.13
07/25/2024 01:00,2397.3,2399.89,2370.82,2375.79,-2151,-0.91
07/25/2024 00:00,2398.75,2398.94,2396.06,2396.98,-177,-0.07
07/24/2024 23:00,2397.07,2400.99,2397,2398.75,168,0.07
07/24/2024 22:00,2395.96,2397.65,2393.18,2397.65,169,0.07
07/24/2024 21:00,2397.37,2397.37,2397.37,2397.37,0,0
07/24/2024 20:00,2399.3,2400.3,2396.1,2396.73,-257,-0.11
07/24/2024 19:00,2408.28,2408.56,2399.09,2399.09,-919,-0.38
07/24/2024 18:00,2409.15,2409.42,2405.89,2408.29,-86,-0.04
07/24/2024 17:00,2418.85,2419.41,2408.32,2409.2,-965,-0.4
07/24/2024 16:00,2424.49,2425.47,2418.31,2419,-549,-0.23
07/24/2024 15:00,2431.12,2431.12,2422.92,2424.52,-660,-0.27
07/24/2024 14:00,2421.45,2431.81,2419.27,2430.43,898,0.37
07/24/2024 13:00,2421.9,2425.77,2414.35,2421.7,-20,-0.01
07/24/2024 12:00,2417.51,2421.75,2416.38,2421.69,418,0.17
07/24/2024 11:00,2413.53,2417.46,2410.55,2417.22,369,0.15
07/24/2024 10:00,2413.4,2416.37,2412.16,2413.64,24,0.01
07/24/2024 09:00,2411.91,2414.84,2409.8,2413.4,149,0.06
07/24/2024 08:00,2414.73,2414.88,2410.88,2411.66,-307,-0.13
07/24/2024 07:00,2417.37,2417.46,2411.92,2414.34,-303,-0.13
07/24/2024 06:00,2416.01,2418.86,2414.51,2417.51,150,0.06
07/24/2024 05:00,2417.76,2417.76,2413.5,2415.93,-183,-0.08
07/24/2024 04:00,2416.51,2417.65,2414.3,2417.65,114,0.05
07/24/2024 03:00,2414.25,2417.81,2413.67,2416.44,219,0.09
07/24/2024 02:00,2407.86,2415.49,2407.26,2413.94,608,0.25
07/24/2024 01:00,2408.3,2411.95,2405.15,2408.15,-15,-0.01
07/24/2024 00:00,2408.86,2409.99,2407.89,2408.2,-66,-0.03
07/23/2024 23:00,2409.21,2409.47,2406.9,2408.52,-69,-0.03
07/23/2024 22:00,2408.36,2409.55,2407.7,2409.25,89,0.04
07/23/2024 21:00,2409.27,2409.27,2409.02,2409.02,-25,-0.01
07/23/2024 20:00,2407.53,2409.84,2404.8,2409.17,164,0.07
07/23/2024 19:00,2405.49,2408.93,2405.37,2407.48,199,0.08
07/23/2024 18:00,2404.64,2406.02,2403.4,2405.32,68,0.03
07/23/2024 17:00,2405.12,2407.71,2402.1,2404.77,-35,-0.01
07/23/2024 16:00,2405.48,2406.76,2403.05,2405.41,-7,0
07/23/2024 15:00,2403.07,2407.08,2402.56,2405.43,236,0.1
07/23/2024 14:00,2402.15,2406.98,2399.69,2402.42,27,0.01
07/23/2024 13:00,2405.24,2406.94,2399.5,2401.68,-356,-0.15
07/23/2024 12:00,2407.55,2408.88,2403.64,2405.96,-159,-0.07
07/23/2024 11:00,2407.87,2411.72,2406.22,2407.43,-44,-0.02
07/23/2024 10:00,2406.84,2407.94,2405.68,2407.66,82,0.03
07/23/2024 09:00,2403.62,2407.8,2403.26,2406.91,329,0.14
07/23/2024 08:00,2397.74,2405.91,2396.35,2404,626,0.26
07/23/2024 07:00,2390.38,2398.8,2390.04,2397.99,761,0.32
07/23/2024 06:00,2392.81,2393.36,2387.6,2390.4,-241,-0.1
07/23/2024 05:00,2396.54,2396.86,2390.76,2392.57,-397,-0.17
07/23/2024 04:00,2398.38,2399.48,2395.77,2396.49,-189,-0.08
07/23/2024 03:00,2399.83,2400.4,2396.1,2398.03,-180,-0.08
07/23/2024 02:00,2400.75,2402.2,2397.74,2399.8,-95,-0.04
07/23/2024 01:00,2399.14,2403.77,2397.2,2401.16,202,0.08
07/23/2024 00:00,2395.56,2399.96,2395.4,2399.69,413,0.17
07/22/2024 23:00,2394,2396.02,2394,2395.68,168,0.07
07/22/2024 22:00,2396.93,2397.79,2395.16,2395.18,-175,-0.07
07/22/2024 21:00,2396.3,2396.5,2396.3,2396.5,20,0.01
07/22/2024 20:00,2398.63,2399.28,2395.7,2396.4,-223,-0.09
07/22/2024 19:00,2395.38,2399.92,2395.23,2398.61,323,0.13
07/22/2024 18:00,2393.97,2396.39,2392.53,2395.54,157,0.07
07/22/2024 17:00,2393.17,2396.11,2391.8,2393.97,80,0.03
07/22/2024 16:00,2386.22,2393.1,2386.22,2392.66,644,0.27
07/22/2024 15:00,2387.28,2390.24,2384.45,2385.75,-153,-0.06
07/22/2024 14:00,2392.97,2394.53,2384.31,2387.16,-581,-0.24
07/22/2024 13:00,2395.16,2399.68,2391.76,2392.68,-248,-0.1
07/22/2024 12:00,2397.56,2399.29,2389.06,2393.98,-358,-0.15
07/22/2024 11:00,2407.01,2407.42,2397.99,2397.99,-902,-0.38
07/22/2024 10:00,2404.16,2408.06,2403.76,2406.78,262,0.11
07/22/2024 09:00,2400.07,2405.38,2399.91,2404.47,440,0.18
07/22/2024 08:00,2402.57,2404.48,2399.82,2400.68,-189,-0.08
07/22/2024 07:00,2402.03,2404.32,2399.1,2402.68,65,0.03
07/22/2024 06:00,2402.53,2405.06,2399.11,2402.3,-23,-0.01
07/22/2024 05:00,2405.43,2407.19,2402.85,2402.85,-258,-0.11
07/22/2024 04:00,2406.84,2406.97,2402.4,2405.56,-128,-0.05
07/22/2024 03:00,2406.48,2409.31,2405.6,2406.7,22,0.01
07/22/2024 02:00,2405.6,2407.76,2403.24,2406.59,99,0.04
07/22/2024 01:00,2408.17,2411.92,2405.94,2406.43,-174,-0.07
07/22/2024 00:00,2411.34,2411.44,2406.87,2407.83,-351,-0.15
07/21/2024 23:00,2410.77,2411.7,2408.5,2411.34,57,0.02
07/21/2024 22:00,2402.62,2411.44,2401.6,2410.97,835,0.35
07/21/2024 21:00,2401.15,2401.15,2401.15,2401.15,0,0
07/19/2024 20:00,2398.25,2400.59,2397.1,2400.59,234,0.1
07/19/2024 19:00,2398.37,2399.96,2397.09,2398.34,-3,0
07/19/2024 18:00,2399.31,2400,2397.29,2398.61,-70,-0.03
07/19/2024 17:00,2399.22,2400.61,2395.83,2399.24,2,0
07/19/2024 16:00,2405.4,2405.68,2399.45,2399.56,-584,-0.24
07/19/2024 15:00,2398.72,2407.59,2397.71,2405.32,660,0.27
07/19/2024 14:00,2404.28,2404.28,2396.37,2397.81,-647,-0.27
07/19/2024 13:00,2403.87,2406.2,2393.92,2403.68,-19,-0.01
07/19/2024 12:00,2409.61,2409.91,2401.82,2403.5,-611,-0.25
07/19/2024 11:00,2412.46,2414.2,2408.72,2409.82,-264,-0.11
07/19/2024 10:00,2415.62,2415.84,2410.1,2412.49,-313,-0.13
07/19/2024 09:00,2420.31,2420.84,2414.7,2416.33,-398,-0.16
07/19/2024 08:00,2417.6,2421.35,2415.9,2420.12,252,0.1
07/19/2024 07:00,2419.83,2421.94,2412.99,2417.91,-192,-0.08
07/19/2024 06:00,2423.44,2423.71,2414.52,2420.31,-313,-0.13
07/19/2024 05:00,2425.21,2425.86,2421.03,2423.45,-176,-0.07
07/19/2024 04:00,2428.52,2429.04,2424.14,2425.34,-318,-0.13
07/19/2024 03:00,2427.94,2429.45,2424.7,2428.62,68,0.03
07/19/2024 02:00,2425.84,2428.29,2422.78,2428.29,245,0.1
07/19/2024 01:00,2425.98,2427.15,2425.2,2425.82,-16,-0.01
07/18/2024 22:00,2444.96,2445.15,2444.39,2444.91,-5,0
07/18/2024 21:00,2444.85,2444.85,2444.85,2444.85,0,0
07/18/2024 20:00,2442.47,2445.38,2441.33,2445.25,278,0.11
07/18/2024 19:00,2451.56,2451.56,2440.44,2442.83,-873,-0.36
07/18/2024 18:00,2455.94,2456.23,2450.6,2451.4,-454,-0.19
07/18/2024 17:00,2456.46,2457.25,2451.31,2456.21,-25,-0.01
07/18/2024 16:00,2462.63,2462.63,2455.9,2456.12,-651,-0.27
07/18/2024 15:00,2467.73,2468.7,2461.36,2461.36,-637,-0.26
07/18/2024 14:00,2464.94,2469.51,2460.38,2468.01,307,0.12
07/18/2024 13:00,2463.22,2465.98,2458.27,2464.65,143,0.06
07/18/2024 12:00,2464.35,2468.41,2462.68,2463.68,-67,-0.03
07/18/2024 11:00,2464.14,2466.31,2462.22,2464.46,32,0.01
07/18/2024 10:00,2465.61,2466.3,2461.55,2464.21,-140,-0.06
07/18/2024 09:00,2465.99,2467.66,2464.68,2465.68,-31,-0.01
07/18/2024 08:00,2471.96,2473.64,2465.59,2465.95,-601,-0.24
07/18/2024 07:00,2471.61,2474.89,2470.8,2471.9,29,0.01
07/18/2024 06:00,2467.04,2472.08,2464.61,2471.46,442,0.18
07/18/2024 05:00,2465.24,2469.87,2464.92,2466.94,170,0.07
07/18/2024 04:00,2468.01,2468.2,2465.06,2465.24,-277,-0.11
07/18/2024 03:00,2465.6,2468.98,2465.23,2468,240,0.1
07/18/2024 02:00,2462.4,2466,2460.33,2465.64,324,0.13
07/18/2024 01:00,2458.81,2464.08,2457.57,2462.39,358,0.15
07/18/2024 00:00,2461.38,2461.47,2457.36,2458.86,-252,-0.1
07/17/2024 23:00,2459.21,2461.87,2459.14,2461.32,211,0.09
07/17/2024 22:00,2458.43,2459.48,2457.99,2459.15,72,0.03
07/17/2024 20:00,2458.04,2459.39,2457.25,2458.63,59,0.02
07/17/2024 19:00,2457.98,2460.35,2456.99,2458.04,6,0
07/17/2024 18:00,2452.48,2458.14,2451.56,2457.94,546,0.22
07/17/2024 17:00,2455.58,2459.25,2451.96,2452.59,-299,-0.12
07/17/2024 16:00,2463.49,2465.04,2452.81,2455.7,-779,-0.32
07/17/2024 15:00,2463.56,2465.9,2457.89,2463.5,-6,0
07/17/2024 14:00,2482.81,2483.61,2461.16,2463.34,-1947,-0.79
07/17/2024 13:00,2473.35,2483.37,2471.22,2482.84,949,0.38
07/17/2024 12:00,2470.05,2475.37,2468.7,2473.37,332,0.13
07/17/2024 11:00,2467.73,2473.28,2467.31,2470.05,232,0.09
07/17/2024 10:00,2475.1,2476.32,2466.62,2467.86,-724,-0.29
07/17/2024 09:00,2474.97,2475.36,2469.84,2475.12,15,0.01
07/17/2024 08:00,2474.2,2478.85,2471.49,2474.96,76,0.03
07/17/2024 07:00,2466.42,2474.36,2464.16,2474.19,777,0.31
07/17/2024 06:00,2465.34,2467.54,2461.96,2466.31,97,0.04
07/17/2024 05:00,2467.74,2471.01,2465.38,2465.43,-231,-0.09
07/17/2024 04:00,2471.81,2472.72,2467.65,2467.75,-406,-0.16
07/17/2024 03:00,2474.61,2474.61,2464.07,2471.76,-285,-0.12
07/17/2024 02:00,2479.74,2482.37,2469.58,2474.71,-503,-0.2
07/17/2024 01:00,2468.72,2481.16,2468.6,2479.49,1077,0.43
07/17/2024 00:00,2468.26,2473.23,2466.12,2468.74,48,0.02
07/16/2024 23:00,2468.98,2469.77,2467.5,2468.2,-78,-0.03
07/16/2024 22:00,2468.4,2469.91,2466.3,2468.96,56,0.02
07/16/2024 20:00,2468.53,2469.56,2466.81,2468.64,11,0
07/16/2024 19:00,2465.35,2468.67,2463.18,2468.48,313,0.13
07/16/2024 18:00,2464.61,2466.58,2462.48,2465.36,75,0.03
07/16/2024 17:00,2459.14,2466.06,2458.69,2464.67,553,0.22
07/16/2024 16:00,2463.16,2463.69,2457.87,2459.18,-398,-0.16
07/16/2024 15:00,2452.06,2465.21,2451.94,2463.16,1110,0.45
07/16/2024 14:00,2442.73,2454,2440.55,2452.15,942,0.38
07/16/2024 13:00,2432.54,2447.88,2430.98,2442.72,1018,0.42
07/16/2024 12:00,2439.54,2443.99,2429.45,2432.56,-698,-0.29
07/16/2024 11:00,2440.18,2442.41,2438.16,2439.53,-65,-0.03
07/16/2024 10:00,2442.49,2443.33,2439.69,2440.09,-240,-0.1
07/16/2024 09:00,2436.61,2443.32,2435.12,2442.48,587,0.24
07/16/2024 08:00,2437.02,2438.52,2433.63,2436.6,-42,-0.02
07/16/2024 07:00,2433.93,2439.21,2432.61,2436.99,306,0.13
07/16/2024 06:00,2431.9,2433.76,2428.28,2433.76,186,0.08
07/16/2024 05:00,2429.25,2432.77,2428.18,2431.91,266,0.11
07/16/2024 04:00,2428.62,2429.48,2425.11,2429.27,65,0.03
07/16/2024 03:00,2430.17,2431.43,2426.62,2428.61,-156,-0.06
07/16/2024 02:00,2427.32,2430.27,2426.04,2430.16,284,0.12
07/16/2024 01:00,2421.22,2427.71,2421.22,2427.23,601,0.25
07/16/2024 00:00,2422.55,2422.74,2420,2421.2,-135,-0.06
07/15/2024 23:00,2421.02,2422.63,2420.94,2422.63,161,0.07
07/15/2024 22:00,2421.84,2422.23,2420.9,2421.01,-83,-0.03
07/15/2024 20:00,2421.18,2422.38,2420.64,2422.1,92,0.04
07/15/2024 19:00,2422.36,2423.25,2420.23,2421.15,-121,-0.05
07/15/2024 18:00,2421.55,2424.84,2419.75,2422.5,95,0.04
07/15/2024 17:00,2430.23,2430.23,2420.56,2421.36,-887,-0.37
07/15/2024 16:00,2433.28,2439.65,2429.52,2430.42,-286,-0.12
07/15/2024 15:00,2431.54,2437.46,2431.42,2433.28,174,0.07
07/15/2024 14:00,2418.69,2431.98,2418.14,2431.56,1287,0.53
07/15/2024 13:00,2414.79,2419.28,2411.48,2419.03,424,0.18
07/15/2024 12:00,2418.27,2420.75,2413.59,2414.82,-345,-0.14
07/15/2024 11:00,2414.79,2420.3,2414.56,2418.25,346,0.14
07/15/2024 10:00,2410.7,2415.75,2410.7,2414.81,411,0.17
07/15/2024 09:00,2411.97,2412.57,2407.75,2410.69,-128,-0.05
07/15/2024 08:00,2407.92,2412.07,2406.92,2412.01,409,0.17
07/15/2024 07:00,2403.21,2407.93,2401.32,2407.91,470,0.2
07/15/2024 06:00,2408.11,2408.26,2402.08,2403.22,-489,-0.2
07/15/2024 05:00,2411.45,2413.92,2407.97,2408.09,-336,-0.14
07/15/2024 04:00,2411.63,2413.34,2410.69,2411.47,-16,-0.01
07/15/2024 03:00,2409.16,2411.99,2408.64,2411.58,242,0.1
07/15/2024 02:00,2410.04,2410.87,2408.16,2409.14,-90,-0.04
07/15/2024 01:00,2408.44,2410.33,2404.95,2409.94,150,0.06
07/15/2024 00:00,2408.72,2408.82,2406.23,2408.5,-22,-0.01
07/14/2024 23:00,2407.54,2408.73,2405.61,2408.67,113,0.05
07/14/2024 22:00,2412.73,2415.04,2406.88,2407.61,-512,-0.21
07/12/2024 20:00,2412.46,2412.65,2410.4,2410.93,-153,-0.06
07/12/2024 19:00,2413.79,2414.43,2412.18,2412.62,-117,-0.05
07/12/2024 18:00,2417.54,2417.66,2413.2,2414.03,-351,-0.15
07/12/2024 17:00,2415.86,2418.06,2414.56,2417.65,179,0.07
07/12/2024 16:00,2411.37,2416.83,2411.37,2415.66,429,0.18
07/12/2024 15:00,2407.99,2413.5,2407.99,2411.52,353,0.15
07/12/2024 14:00,2405.16,2410.31,2403.18,2408.45,329,0.14
07/12/2024 13:00,2398.6,2405.26,2397.04,2403.17,457,0.19
07/12/2024 12:00,2401.46,2404.07,2391.61,2397.57,-389,-0.16
07/12/2024 11:00,2400.07,2402.66,2397.5,2402.02,195,0.08
07/12/2024 10:00,2404.81,2405.25,2399.6,2399.92,-489,-0.2
07/12/2024 09:00,2407.66,2408.08,2403.27,2404.65,-301,-0.13
07/12/2024 08:00,2403.75,2407.96,2403.75,2407.17,342,0.14
07/12/2024 07:00,2404.35,2405.35,2400.36,2404.12,-23,-0.01
07/12/2024 06:00,2407.88,2408.05,2402.27,2403.5,-438,-0.18
07/12/2024 05:00,2408.34,2409.92,2405.54,2406.74,-160,-0.07
07/12/2024 04:00,2408.57,2409.79,2407.5,2408.09,-48,-0.02
07/12/2024 03:00,2409.34,2410.3,2408.31,2408.69,-65,-0.03
07/12/2024 02:00,2407.88,2410.89,2406.63,2409.55,167,0.07
07/12/2024 01:00,2411.64,2414,2407.1,2407.4,-424,-0.18
07/12/2024 00:00,2415.43,2415.43,2410.4,2411.53,-390,-0.16
07/11/2024 23:00,2413.47,2415.49,2411.2,2415.43,196,0.08
07/11/2024 22:00,2413.61,2414.13,2410.7,2414.03,42,0.02
07/11/2024 21:00,2414.85,2414.85,2414.85,2414.85,0,0
07/11/2024 20:00,2414.12,2415.15,2412.6,2415.15,103,0.04
07/11/2024 19:00,2416.06,2418.37,2413.95,2414.42,-164,-0.07
07/11/2024 18:00,2413.28,2416.46,2412.97,2416.23,295,0.12
07/11/2024 17:00,2411.55,2416.37,2411.19,2413.57,202,0.08
07/11/2024 16:00,2416.53,2418.99,2410.9,2411.66,-487,-0.2
07/11/2024 15:00,2417.83,2423.78,2412.6,2417.33,-50,-0.02
07/11/2024 14:00,2407.87,2417.65,2404.61,2417.65,978,0.4
07/11/2024 13:00,2408.46,2412.44,2396.06,2406.63,-183,-0.08
07/11/2024 12:00,2380.84,2409.42,2380.19,2406.63,2579,1.07
07/11/2024 11:00,2382.18,2383.34,2379.41,2379.81,-237,-0.1
07/11/2024 10:00,2383.89,2383.89,2380.42,2382.33,-156,-0.07
07/11/2024 09:00,2381.44,2384.48,2381.24,2384.09,265,0.11
07/11/2024 08:00,2380.03,2383.93,2379.8,2381.23,120,0.05
07/11/2024 07:00,2381.75,2381.77,2378.97,2380.09,-166,-0.07
07/11/2024 06:00,2382.51,2383.1,2378.31,2381.71,-80,-0.03
07/11/2024 05:00,2381.84,2382.88,2381.06,2382.58,74,0.03
07/11/2024 04:00,2378.5,2382.34,2378.5,2382.05,355,0.15
07/11/2024 03:00,2377.14,2380.02,2376.5,2378.56,142,0.06
07/11/2024 02:00,2375.58,2377.64,2373.9,2377.34,176,0.07
07/11/2024 01:00,2374.26,2376.05,2373.14,2375.82,156,0.07
07/11/2024 00:00,2372.52,2374.14,2371.48,2374.1,158,0.07
07/10/2024 23:00,2371.6,2372.76,2371.3,2372.66,106,0.04
07/10/2024 22:00,2368.96,2372.77,2367.99,2372.77,381,0.16
07/10/2024 21:00,2371.02,2371.15,2371.02,2371.15,13,0.01
07/10/2024 20:00,2371.44,2372.27,2370.4,2371.12,-32,-0.01
07/10/2024 19:00,2372.38,2372.4,2370.2,2371.85,-53,-0.02
07/10/2024 18:00,2372.83,2373.28,2370.07,2372.41,-42,-0.02
07/10/2024 17:00,2377.58,2378.39,2370,2372.7,-488,-0.21
07/10/2024 16:00,2378.55,2381.13,2375.8,2377.68,-87,-0.04
07/10/2024 15:00,2374.81,2380.51,2374.64,2378.72,391,0.16
07/10/2024 14:00,2383.75,2384.99,2373.95,2374.89,-886,-0.37
07/10/2024 13:00,2377.78,2386.25,2376.42,2383.95,617,0.26
07/10/2024 12:00,2378.58,2381.64,2377.3,2377.82,-76,-0.03
07/10/2024 11:00,2372.56,2378.17,2371.4,2378.06,550,0.23
07/10/2024 10:00,2371.94,2375.21,2371.77,2372.55,61,0.03
07/10/2024 09:00,2372.65,2373.85,2371.66,2371.94,-71,-0.03
07/10/2024 08:00,2372.07,2374.04,2371.4,2372.68,61,0.03
07/10/2024 07:00,2372.24,2374.84,2371.39,2372.57,33,0.01
07/10/2024 06:00,2368.25,2372.46,2367.23,2371.63,338,0.14
07/10/2024 05:00,2367.55,2370.05,2367.19,2368.28,73,0.03
07/10/2024 04:00,2367.99,2368.84,2366,2367.52,-47,-0.02
07/10/2024 03:00,2369.16,2369.5,2365.8,2368.07,-109,-0.05
07/10/2024 02:00,2368.51,2369.47,2366.97,2369.04,53,0.02
07/10/2024 01:00,2364.51,2369.65,2363.51,2368.44,393,0.17
07/10/2024 00:00,2365.2,2366.13,2364.4,2364.72,-48,-0.02
07/09/2024 23:00,2364.73,2365.84,2363.4,2365.01,28,0.01
07/09/2024 22:00,2363.1,2364.17,2351.04,2364.17,107,0.05
07/09/2024 21:00,2363.66,2363.66,2363.66,2363.66,0,0
07/09/2024 20:00,2363.69,2364.88,2362.9,2363.7,1,0
07/09/2024 19:00,2364.53,2365.38,2362.82,2363.37,-116,-0.05
07/09/2024 18:00,2361.73,2365.05,2361,2364.28,255,0.11
07/09/2024 17:00,2357.52,2362.51,2357.52,2361.85,433,0.18
07/09/2024 16:00,2362.06,2363.08,2356.54,2357.5,-456,-0.19
07/09/2024 15:00,2354.98,2362.24,2349.52,2362.05,707,0.3
07/09/2024 14:00,2367.24,2371.45,2354.1,2354.91,-1233,-0.52
07/09/2024 13:00,2360.14,2368.48,2359.5,2367.73,759,0.32
07/09/2024 12:00,2360.64,2361.19,2356.15,2360.09,-55,-0.02
07/09/2024 11:00,2363.17,2363.17,2357.55,2360.62,-255,-0.11
07/09/2024 10:00,2364.28,2365.6,2362.12,2363.07,-121,-0.05
07/09/2024 09:00,2361.65,2365.29,2361.59,2364.25,260,0.11
07/09/2024 08:00,2359.02,2361.92,2358.23,2361.62,260,0.11
07/09/2024 07:00,2364.1,2364.51,2358.36,2359,-510,-0.22
07/09/2024 06:00,2364.53,2365.5,2362.75,2364.23,-30,-0.01
07/09/2024 05:00,2367.38,2368.33,2364.16,2364.55,-283,-0.12
07/09/2024 04:00,2367.68,2368.74,2366.37,2367.37,-31,-0.01
07/09/2024 03:00,2363.99,2367.94,2363.34,2367.68,369,0.16
07/09/2024 02:00,2363.3,2366.65,2360.52,2363.99,69,0.03
07/09/2024 01:00,2361.95,2365.24,2361.38,2363.41,146,0.06
07/09/2024 00:00,2361.86,2363.64,2360.78,2361.86,0,0
07/08/2024 23:00,2359.82,2362.08,2359.82,2361.76,194,0.08
07/08/2024 22:00,2359.09,2359.77,2358.55,2359.77,68,0.03
07/08/2024 20:00,2359.2,2359.82,2357.98,2359.12,-8,0
07/08/2024 19:00,2356.58,2359.83,2356.12,2359.09,251,0.11
07/08/2024 18:00,2357.15,2358.19,2354.88,2356.58,-57,-0.02
07/08/2024 17:00,2358.75,2359.73,2355.58,2357.21,-154,-0.07
07/08/2024 16:00,2355.5,2358.77,2351.1,2358.69,319,0.14
07/08/2024 15:00,2373.25,2374.96,2351.06,2355.58,-1767,-0.75
07/08/2024 14:00,2375.38,2379.52,2373.23,2373.26,-212,-0.09
07/08/2024 13:00,2372.7,2377.08,2370.43,2375.58,288,0.12
07/08/2024 12:00,2375.24,2377.44,2370.36,2372.67,-257,-0.11
07/08/2024 11:00,2374.05,2375.62,2372.49,2375.33,128,0.05
07/08/2024 10:00,2370.05,2374.3,2369.69,2374.13,408,0.17
07/08/2024 09:00,2372.69,2373.81,2368.31,2370.12,-257,-0.11
07/08/2024 08:00,2377.85,2378.8,2371.92,2372.82,-503,-0.21
07/08/2024 07:00,2376.93,2381.12,2376.66,2377.87,94,0.04
07/08/2024 06:00,2382.82,2384.18,2376.76,2376.97,-585,-0.25
07/08/2024 05:00,2385.01,2386.72,2381.57,2382.81,-220,-0.09
07/08/2024 04:00,2382.97,2385.02,2382.1,2385.02,205,0.09
07/08/2024 03:00,2382.89,2384.18,2380.73,2382.92,3,0
07/08/2024 02:00,2386.43,2387.21,2381.46,2382.94,-349,-0.15
07/08/2024 01:00,2386.6,2391.06,2384.21,2386.48,-12,-0.01
07/08/2024 00:00,2386.12,2387.76,2384.51,2386.67,55,0.02
07/07/2024 23:00,2385.33,2386.89,2384.76,2386.06,73,0.03
07/07/2024 22:00,2387.38,2390.14,2384.93,2385.29,-209,-0.09
07/05/2024 20:00,2388.85,2391.4,2388.12,2391.14,229,0.1
07/05/2024 19:00,2390.95,2392.72,2388.14,2388.64,-231,-0.1
07/05/2024 18:00,2385.85,2392.41,2385.2,2391.18,533,0.22
07/05/2024 17:00,2386.41,2389.63,2384.53,2385.7,-71,-0.03
07/05/2024 16:00,2384.65,2387.41,2383.6,2386.81,216,0.09
07/05/2024 15:00,2380.61,2388.2,2378.9,2384.5,389,0.16
07/05/2024 14:00,2383.06,2383.89,2374.81,2380.66,-240,-0.1
07/05/2024 13:00,2371.25,2384.88,2371.19,2382.39,1114,0.47
07/05/2024 12:00,2365.81,2375.01,2362.65,2372.17,636,0.27
07/05/2024 11:00,2364.72,2365.87,2362.28,2365.84,112,0.05
07/05/2024 10:00,2361.81,2365.34,2361.81,2365.06,325,0.14
07/05/2024 09:00,2366.47,2366.8,2362.24,2362.36,-411,-0.17
07/05/2024 08:00,2364.67,2367.67,2364.67,2366.49,182,0.08
07/05/2024 07:00,2363.51,2367.37,2362.3,2365.18,167,0.07
07/05/2024 06:00,2364.66,2366.12,2363.1,2363.9,-76,-0.03
07/05/2024 05:00,2363.68,2364.86,2362.2,2364.59,91,0.04
07/05/2024 04:00,2361.74,2364.4,2360.6,2363.72,198,0.08
07/05/2024 03:00,2360.48,2362.03,2359.3,2361.77,129,0.05
07/05/2024 02:00,2358.43,2362.97,2358.23,2360.46,203,0.09
07/05/2024 01:00,2358.65,2360.05,2356.81,2358.5,-15,-0.01
07/05/2024 00:00,2356.73,2358.84,2355.98,2358.46,173,0.07
07/04/2024 23:00,2357.08,2357.46,2355.7,2356.35,-73,-0.03
07/04/2024 22:00,2357.32,2357.32,2354.1,2357.28,-4,0
07/04/2024 21:00,2357.11,2357.11,2357.11,2357.11,0,0
07/04/2024 18:00,2356.2,2357.11,2353.67,2357.11,91,0.04
07/04/2024 17:00,2358.15,2358.15,2356,2356.22,-193,-0.08
07/04/2024 16:00,2357.99,2358.74,2356.4,2357.87,-12,-0.01
07/04/2024 15:00,2358.82,2360.39,2355.57,2357.76,-106,-0.04
07/04/2024 14:00,2358.5,2361.55,2358.1,2358.89,39,0.02
07/04/2024 13:00,2358.23,2360.01,2357.44,2359.76,153,0.06
07/04/2024 12:00,2357.5,2360.2,2357.09,2357.7,20,0.01
07/04/2024 11:00,2358.19,2359.86,2357.5,2358.52,33,0.01
07/04/2024 10:00,2356.7,2358.95,2356,2357.98,128,0.05
07/04/2024 09:00,2358.7,2359.01,2355.6,2357.78,-92,-0.04
07/04/2024 08:00,2357.48,2359.34,2354.8,2358.77,129,0.05
07/04/2024 07:00,2356.06,2357.6,2353.77,2357.6,154,0.07
07/04/2024 06:00,2356.57,2356.95,2350.69,2355.72,-85,-0.04
07/04/2024 05:00,2358.34,2358.41,2355.64,2357.21,-113,-0.05
07/04/2024 04:00,2357.76,2359.32,2356.6,2358.53,77,0.03
07/04/2024 03:00,2359.08,2360.05,2357.58,2357.97,-111,-0.05
07/04/2024 02:00,2361.66,2362.04,2357.36,2359.24,-242,-0.1
07/04/2024 01:00,2357.3,2362.34,2357.3,2361.68,438,0.19
07/04/2024 00:00,2358.76,2359.07,2356,2358.71,-5,0
07/03/2024 23:00,2358.62,2359.43,2357.49,2358.2,-42,-0.02
07/03/2024 22:00,2356.71,2358.91,2355.1,2358.63,192,0.08
07/03/2024 21:00,2356.16,2356.16,2356.16,2356.16,0,0
07/03/2024 20:00,2354.3,2356.27,2353.5,2356,170,0.07
07/03/2024 19:00,2355.88,2356.56,2353.2,2354.21,-167,-0.07
07/03/2024 18:00,2356.67,2357.81,2354.5,2356.15,-52,-0.02
07/03/2024 17:00,2356.19,2360.75,2353.97,2356.35,16,0.01
07/03/2024 16:00,2362.96,2363.51,2355.21,2356.08,-688,-0.29
07/03/2024 15:00,2362.35,2363.87,2360.08,2363.32,97,0.04
07/03/2024 14:00,2356.13,2364.57,2356.13,2362.01,588,0.25
07/03/2024 13:00,2348.94,2358.47,2347.89,2354.91,597,0.25
07/03/2024 12:00,2345.62,2356.09,2344.94,2350.43,481,0.2
07/03/2024 11:00,2346.86,2346.86,2342.39,2345.38,-148,-0.06
07/03/2024 10:00,2346.32,2349.47,2344.55,2346.93,61,0.03
07/03/2024 09:00,2344.65,2346.48,2342.11,2346.29,164,0.07
07/03/2024 08:00,2345.33,2347.48,2343.15,2344.62,-71,-0.03
07/03/2024 07:00,2340.57,2346.74,2339.26,2345.93,536,0.23
07/03/2024 06:00,2333.3,2340.78,2332.9,2339.85,655,0.28
07/03/2024 05:00,2334.35,2335.62,2331.1,2333.26,-109,-0.05
07/03/2024 04:00,2331.8,2334.77,2331.6,2334.32,252,0.11
07/03/2024 03:00,2328.91,2332.32,2328,2331.66,275,0.12
07/03/2024 02:00,2329.36,2330.97,2326.6,2328.85,-51,-0.02
07/03/2024 01:00,2329.42,2331.39,2328.4,2328.92,-50,-0.02
07/03/2024 00:00,2330.92,2331.98,2329.9,2330.13,-79,-0.03
07/02/2024 23:00,2330.12,2331.24,2329.1,2330.09,-3,0
07/02/2024 22:00,2330.21,2331.15,2328.9,2329.87,-34,-0.01
07/02/2024 21:00,2329.27,2329.44,2329.27,2329.44,17,0.01
07/02/2024 20:00,2330.72,2330.82,2328,2329.27,-145,-0.06
07/02/2024 19:00,2328.35,2331.32,2328.14,2330.87,252,0.11
07/02/2024 18:00,2324.65,2328.85,2324.51,2328.36,371,0.16
07/02/2024 17:00,2322.82,2325.21,2322.05,2324.71,189,0.08
07/02/2024 16:00,2324.7,2324.94,2320.91,2322.83,-187,-0.08
07/02/2024 15:00,2326.65,2330.44,2324.14,2324.72,-193,-0.08
07/02/2024 14:00,2334.44,2335.22,2323.06,2326.64,-780,-0.34
07/02/2024 13:00,2327.4,2336.76,2326.15,2334.61,721,0.31
07/02/2024 12:00,2320.95,2328.66,2319.05,2327.53,658,0.28
07/02/2024 11:00,2324.5,2325.62,2319.99,2320.69,-381,-0.16
07/02/2024 10:00,2324.92,2326.5,2322.77,2324.49,-43,-0.02
07/02/2024 09:00,2331.17,2331.9,2324.09,2324.83,-634,-0.27
07/02/2024 08:00,2330.84,2332.47,2328.41,2331.17,33,0.01
07/02/2024 07:00,2330.35,2330.92,2323.24,2330.76,41,0.02
07/02/2024 06:00,2330.09,2331.73,2327.61,2330.55,46,0.02
07/02/2024 05:00,2327.25,2330.79,2326.32,2329.91,266,0.11
07/02/2024 04:00,2326,2327.83,2324.92,2327.26,126,0.05
07/02/2024 03:00,2332.32,2332.65,2325.78,2326.02,-630,-0.27
07/02/2024 02:00,2334.09,2334.34,2331.19,2332.34,-175,-0.08
07/02/2024 01:00,2333.06,2334.2,2331.17,2334.1,104,0.04
07/02/2024 00:00,2332.27,2333.89,2331.78,2332.98,71,0.03
07/01/2024 23:00,2331.78,2332.51,2331.59,2332.2,42,0.02
07/01/2024 22:00,2332.54,2332.54,2331.4,2331.77,-77,-0.03
